Action,Design,Frame,Clauses,Mem,time,reward
bmc3g,6s7Un-partitioned,2,1,0,0.02,1.9867110125100689,1.9867110125100689,0.006666666666666667,2.709235973831018,0.006666666666666667,0.9933555062550344
bmc3g,6s7Un-partitioned,3,2,0,0,2.0,1.9933555062550345,0.006666666666666667,4.474225809665668,0.006666666666666667,0.9966722160545233
bmc3g,6s7Un-partitioned,4,5,0,0,2.0,1.9955703375033564,0.006666666666666667,7.37593166881596,0.006666666666666667,0.9977802450856064
bmc3g,6s7Un-partitioned,5,10,0,0,2.0,1.9966777531275173,0.006666666666666667,12.16423391821804,0.006666666666666667,0.9983347214509387
bmc3g,6s7Un-partitioned,6,23,0,0,2.0,1.9973422025020138,0.006666666666666667,20.058774053168303,0.006666666666666667,0.9986675551606254
bmc3g,6s7Un-partitioned,7,59,0,0.009999999999999998,1.9975015618491618,1.9973687623932053,0.007916666666666667,33.07155710841999,0.007916666666666667,0.9986814256396586
bmc3g,6s7Un-partitioned,8,132,0,0,2.0,1.9977446534798902,0.007916666666666667,54.421965892037235,0.007916666666666667,0.9988696869046684
bmc3g,6s7Un-partitioned,9,206,0,0,2.0,1.998026571794904,0.007916666666666667,89.89551625929198,0.007916666666666667,0.999010906142781
bmc3g,6s7Un-partitioned,10,446,0,0.010000000000000002,1.9981826443777178,1.9980439131929946,0.008825757575757577,148.2291934247934,0.008825757575757577,0.9990198409393667
bmc3g,6s7Un-partitioned,11,813,0,0.019999999999999997,1.9966694429018774,1.9979064661638826,0.010492424242424244,243.96650330770566,0.010492424242424244,0.9989513078381203
bmc3g,6s7Un-partitioned,12,1298,0,0.020000000000000004,1.9969254425736727,1.9978172822011364,0.012030885780885783,401.2774733688647,0.012030885780885783,0.9989068810011513
bmc3g,6s7Un-partitioned,13,1992,0,0.039999999999999994,1.994293869782032,1.9975236644995444,0.01488802863802864,661.5942103879873,0.01488802863802864,0.998760100258494
bmc3g,6s7Un-partitioned,14,2886,0,0.06,1.992015978687983,1.9970999963601936,0.018888028638028638,1085.6565563545573,0.018888028638028638,0.9985481297050861
bmc3g,6s7Un-partitioned,15,3746,0,0.06,1.992514044938342,1.99677242840149,0.022638028638028638,1783.3848203939795,0.022638028638028638,0.9983843045978577
bmc3g,6s7Un-partitioned,16,5292,0,0.12,1.9859320628974226,1.9960497373678856,0.0296968521674404,2934.9293967654785,0.0296968521674404,0.9980221683473313
bmc3g,6s7Un-partitioned,17,7034,0,0.15000000000000002,1.983402585277752,1.9952592903622521,0.038030185500773736,4784.85766184187,0.038030185500773736,0.9976259359643984
bmc3g,6s7Un-partitioned,18,10058,0,0.27,1.9717799332618058,1.9938781517092845,0.05224071181656321,7816.276024986156,0.05224071181656321,0.9969317337316086
bmc3g,6s7Un-partitioned,19,12274,0,0.21999999999999997,1.9781205575507375,1.9930027298115875,0.06324071181656321,12599.592915813648,0.06324071181656321,0.9964927917940831
bmc3g,6s7Un-partitioned,20,15635,0,0.33000000000000007,1.968817078923749,1.9917298008174908,0.07895499753084893,20853.051475106407,0.07895499753084893,0.9958530960656411
bmc3g,6s7Un-partitioned,21,20081,0,0.43999999999999995,1.9603973466135105,1.990163178107292,0.09895499753084894,33673.73694866426,0.09895499753084894,0.9950644700758151
bmc3g,6s7Un-partitioned,22,25327,0,0.56,1.9518923823397332,1.9883407592612177,0.12330282361780547,53947.369882869076,0.12330282361780547,0.9941456409089798
bmc3g,6s7Un-partitioned,23,31304,0,0.6699999999999999,1.9449388050831786,1.9863679431622159,0.15121949028447212,86945.72773814236,0.15121949028447212,0.9931499560515478
bmc3g,6s7Un-partitioned,24,38042,0,0.8199999999999998,1.9354641733060223,1.984154735777164,0.18401949028447212,138803.9462874352,0.18401949028447212,0.9920310741859287
bmc3g,6s7Un-partitioned,25,45334,0,0.98,1.9260184116690244,1.981732388939325,0.2217117979767798,222442.62506734053,0.2217117979767798,0.9908045475689848
bmc3g,6s7Un-partitioned,26,54202,0,1.0899999999999999,1.9208673142030568,1.9792977859498742,0.26208216834715015,350433.0741543064,0.26208216834715015,0.9895714714010302
bmc3g,6s7Un-partitioned,27,63652,0,1.2000000000000002,1.916096488652795,1.9768669668230636,0.304939311204293,566060.2399204689,0.304939311204293,0.988340074948087
bmc3g,6s7Un-partitioned,28,75416,0,1.6899999999999995,1.8867793322248847,1.9735303877638717,0.36321517327325853,898036.5973846929,0.36321517327325853,0.9866376655133338
bmc3g,6s7Un-partitioned,29,85665,0,1.5,1.902458849001428,1.9709921185223558,0.4132151732732585,1348658.7764211535,0.4132151732732585,0.9853506761629569
bmc3g,6s7Un-partitioned,30,97057,0,1.7400000000000002,1.890834277423118,1.9682280550361753,0.46934420553132306,2256202.329884358,0.46934420553132306,0.9839459788797601
bmc3g,6s7Un-partitioned,31,110369,0,2.280000000000001,1.8624581115206376,1.964702390252324,0.5405942055313231,3555810.3608544,0.5405942055313231,0.9821415790336867
bmc3g,6s7Un-partitioned,32,126251,0,2.539999999999999,1.851835822599802,1.9610615332312749,0.61756390250102,5146904.163376104,0.61756390250102,0.9802757040603853
bmc3g,6s7Un-partitioned,33,144000,0,3.330000000000002,1.8134044752220089,1.9564472501684853,0.7155050789716083,8080378.434868907,0.7155050789716083,0.9778885879208272
bmc3g,6s7Un-partitioned,34,170342,0,4.689999999999998,1.7491801292066682,1.9501664283211575,0.8495050789716082,11027235.342772722,0.8495050789716082,0.9745859370348173
bmc3g,6s7Un-partitioned,35,195145,0,4.48,1.7659746297092078,1.9447490224796293,0.9739495234160527,13990079.525417062,0.9739495234160527,0.9717608205272835
bmc3g,6s7Un-partitioned,36,221061,0,4.889999999999997,1.7523977945011537,1.9392532731088157,1.1061116855782147,22792979.056269955,1.1061116855782147,0.9688909704508615
bmc3g,6s7Un-partitioned,37,256002,0,7.380000000000003,1.6469690417120924,1.931134266681129,1.3003222118940043,34768615.47159502,1.3003222118940043,0.9645244843312043
bmc3g,6s7Un-partitioned,38,293633,0,7.420000000000002,1.6534942406443642,1.923630482193649,1.4905786221504147,33055230.732312344,1.4905786221504147,0.960514780351841
bmc3g,6s7Un-partitioned,39,329379,0,7.469999999999999,1.6593022464835543,1.9166744759907515,1.6773286221504147,54250299.75133671,1.6773286221504147,0.9568197761955283
bmc3g,6s7Un-partitioned,40,373929,0,9.489999999999995,1.5867434415336668,1.9082147058764674,1.9087920367845608,82102225.04023905,1.9087920367845608,0.9522350384272867
bmc3g,6s7Un-partitioned,41,419117,0,10.320000000000007,1.564291326387377,1.89961662138924,2.1545063224988468,91696223.01578057,2.1545063224988468,0.9475622375990063
bmc3g,6s7Un-partitioned,42,474611,0,13.129999999999995,1.4737325663497838,1.889229205412668,2.459855159708149,1279841099.7416887,2.459855159708149,0.941767860552318
bmc3g,6s7Un-partitioned,43,535030,0,14.340000000000003,1.44374161813575,1.8786223580965509,2.78576425061724,2103432013.620162,2.78576425061724,0.9358241255131277
bmc3g,6s7Un-partitioned,44,606239,0,18.83,1.3161393760075393,1.8655413585130853,3.2042086950616846,3453802929.6694922,3.2042086950616846,0.9281921761373022
bmc3g,6s7Un-partitioned,45,684905,0,22.209999999999994,1.2340742496940706,1.8511898333126533,3.6870347820182063,5667998405.604413,3.6870347820182063,0.9196186138554253
bmc3g,6s7Un-partitioned,46,778405,0,26.819999999999993,1.130329160390241,1.835170707247711,4.257673079890546,9294535849.170107,4.257673079890546,0.9097231492696195
bmc3g,6s7Un-partitioned,47,886375,0,30.890000000000015,1.0508564663223805,1.8181203976623779,4.901214746557213,15232938497.90545,4.901214746557213,0.8989317665533259
bmc3g,6s7Un-partitioned,48,1015313,0,37.55000000000001,0.9294341210183912,1.799212179010378,5.667541277169458,24939207681.041023,5.667541277169458,0.8864008672262546
bmc3g,6s7Un-partitioned,49,1163509,0,45.87999999999997,0.7989532708733893,1.778373451757524,6.585141277169457,40777845905.18876,6.585141277169457,0.8718041810786809
bmc3g,6s7Un-partitioned,50,1326744,0,51.629999999999995,0.7267260023311425,1.7569112589120879,7.597494218345927,66633583809.01925,7.597494218345927,0.856371584992137
bmc3g,6s7Un-partitioned,51,1545503,0,75.07000000000005,0.47212728148140687,1.7312155793634743,9.041148064499774,108453627185.6229,9.041148064499774,0.8345830991327775
bmc3g,6s7Un-partitioned,52,1792174,0,88.15999999999997,0.3789886407991187,1.7047013256661339,10.704544290914868,176229592965.78976,10.704544290914868,0.8106709626051117
bmc3g,6s7Un-partitioned,53,2071908,0,105.79000000000002,0.28197781157039514,1.67734125808737,12.663618364988942,285707511898.8719,12.663618364988942,0.7838550801984503
bmc3g,6s7Un-partitioned,54,2413804,0,134.89,0.1721484188460235,1.6489413931960235,15.116163819534396,461337022396.3333,15.116163819534396,0.7518558681440215
bmc3g,6s7Un-partitioned,55,2714123,0,115.37,0.2548624245786581,1.6231251159994058,17.17634239096297,748217683029.9487,17.17634239096297,0.7275442808453367
bmc3g,6s7Equal partition (larger),2,1,0,0.02,1.9867110125100689,1.9867110125100689,0.006666666666666667,2.709235973831018,0.006666666666666667,0.9933555062550344
bmc3g,6s7Equal partition (larger),3,2,0,0,2.0,1.9933555062550345,0.006666666666666667,4.474225809665668,0.006666666666666667,0.9966722160545233
bmc3g,6s7Equal partition (larger),4,5,0,0,2.0,1.9955703375033564,0.006666666666666667,7.37593166881596,0.006666666666666667,0.9977802450856064
bmc3g,6s7Equal partition (larger),5,10,0,0,2.0,1.9966777531275173,0.006666666666666667,12.16423391821804,0.006666666666666667,0.9983347214509387
bmc3g,6s7Equal partition (larger),6,23,0,0,2.0,1.9973422025020138,0.006666666666666667,20.058774053168303,0.006666666666666667,0.9986675551606254
bmc3g,6s7Equal partition (larger),7,59,0,0.009999999999999998,1.9975015618491618,1.9973687623932053,0.007916666666666667,33.07155710841999,0.007916666666666667,0.9986814256396586
bmc3g,6s7Equal partition (larger),8,132,0,0,2.0,1.9977446534798902,0.007916666666666667,54.421965892037235,0.007916666666666667,0.9988696869046684
bmc3g,6s7Equal partition (larger),9,206,0,0,2.0,1.998026571794904,0.007916666666666667,89.89551625929198,0.007916666666666667,0.999010906142781
bmc3g,6s7Equal partition (larger),10,446,0,0.010000000000000002,1.9981826443777178,1.9980439131929946,0.008825757575757577,148.2291934247934,0.008825757575757577,0.9990198409393667
bmc3g,6s7Equal partition (larger),11,813,0,0.019999999999999997,1.9966694429018774,1.9979064661638826,0.010492424242424244,243.96650330770566,0.010492424242424244,0.9989513078381203
bmc3g,6s7Equal partition (larger),12,1298,0,0.020000000000000004,1.9969254425736727,1.9978172822011364,0.012030885780885783,401.2774733688647,0.012030885780885783,0.9989068810011513
bmc3g,6s7Equal partition (larger),13,1992,0,0.039999999999999994,1.994293869782032,1.9975236644995444,0.01488802863802864,661.5942103879873,0.01488802863802864,0.998760100258494
bmc3g,6s7Equal partition (larger),14,2886,0,0.06,1.992015978687983,1.9970999963601936,0.018888028638028638,1085.6565563545573,0.018888028638028638,0.9985481297050861
bmc3g,6s7Equal partition (larger),15,3746,0,0.05000000000000002,1.9937597554604163,1.9968614077244953,0.02201302863802864,1783.4246285351485,0.02201302863802864,0.9984288763206386
bmc3g,6s7Equal partition (larger),16,5292,0,0.11999999999999997,1.9859320628974226,1.9961327847360237,0.029071852167440404,2940.866396744726,0.029071852167440404,0.9980637534706964
bmc3g,6s7Equal partition (larger),17,7034,0,0.15000000000000002,1.983402585277752,1.9953371472698818,0.037405185500773735,4785.589153022777,0.037405185500773735,0.9976649064886601
bmc3g,6s7Equal partition (larger),18,10058,0,0.27,1.9717799332618058,1.9939514287988185,0.05161571181656321,7817.3968213831395,0.05161571181656321,0.9969683863073405
bmc3g,6s7Equal partition (larger),19,12274,0,0.20999999999999996,1.9791098651357986,1.9931268974842062,0.06211571181656321,12601.469097816682,0.06211571181656321,0.9965550745398858
bmc3g,6s7Equal partition (larger),20,15635,0,0.33000000000000007,1.968817078923749,1.9918474333494454,0.07782999753084893,20897.739759257496,0.07782999753084893,0.9959120627973007
bmc3g,6s7Equal partition (larger),21,20081,0,0.43999999999999995,1.9603973466135105,1.9902749290126487,0.09782999753084892,33681.774189305506,0.09782999753084892,0.9951204440265096
bmc3g,6s7Equal partition (larger),22,25327,0,0.56,1.9518923823397332,1.988447188694891,0.12217782361780545,53959.605763090796,0.12217782361780545,0.9941989001377451
bmc3g,6s7Equal partition (larger),23,31304,0,0.6600000000000001,1.945749365106908,1.9865063785318007,0.14967782361780546,86965.33743405792,0.14967782361780546,0.9932195542256483
bmc3g,6s7Equal partition (larger),24,38042,0,0.7899999999999996,1.9377881244057753,1.9843881935697996,0.18127782361780545,139115.41311104357,0.18127782361780545,0.9921493342137531
bmc3g,6s7Equal partition (larger),25,45334,0,0.8600000000000003,1.9349282728169068,1.982327363538429,0.21435474669472854,223815.59481797207,0.21435474669472854,0.991108319120706
bmc3g,6s7Equal partition (larger),26,54202,0,1.0700000000000003,1.922290705997306,1.9799258972367841,0.25398437632435816,359182.8894593596,0.25398437632435816,0.9898920570776337
bmc3g,6s7Equal partition (larger),27,63652,0,1.1799999999999997,1.9174656179183591,1.97752357880146,0.2961272334672153,569153.3846067437,0.2961272334672153,0.9886751059345206
bmc3g,6s7Equal partition (larger),28,75416,0,1.5599999999999996,1.895256294434002,1.974476642343406,0.3499203369154912,903246.489960796,0.3499203369154912,0.9871236068576907
bmc3g,6s7Equal partition (larger),29,85665,0,1.4600000000000009,1.9049971526264682,1.9719952319963725,0.3985870035821579,1385468.6857228158,0.3985870035821579,0.985865591973891
bmc3g,6s7Equal partition (larger),30,97057,0,1.709999999999999,1.892665002738384,1.9692597068495454,0.4537482939047385,2280630.4316940163,0.4537482939047385,0.984475277555956
bmc3g,6s7Equal partition (larger),31,110369,0,2.09,1.873549351091159,1.966069361657599,0.5190607939047385,3587388.985148281,0.5190607939047385,0.9828467940613974
bmc3g,6s7Equal partition (larger),32,126251,0,2.4399999999999995,1.8574559573596625,1.9625657034544397,0.5930001878441324,5363365.069383104,0.5930001878441324,0.981052760677087
bmc3g,6s7Equal partition (larger),33,144000,0,3.1000000000000014,1.8257132086849133,1.958289062992892,0.6841766584323677,8274831.318519613,0.6841766584323677,0.9788464224894788
bmc3g,6s7Equal partition (larger),34,170342,0,4.530000000000001,1.7571946862561212,1.9521952940008689,0.8136052298609392,11603996.795079835,0.8136052298609392,0.9756467408524231
bmc3g,6s7Equal partition (larger),35,195145,0,4.319999999999997,1.7738408734343152,1.9469495757489113,0.9336052298609391,14522062.492836226,0.9336052298609391,0.972914593270784
bmc3g,6s7Equal partition (larger),36,221061,0,4.760000000000005,1.7585656969924472,1.9415671792130123,1.0622538785095879,23701768.85874511,1.0622538785095879,0.9701058295427648
bmc3g,6s7Equal partition (larger),37,256002,0,6.759999999999998,1.674061054656407,1.9341364535308843,1.2401486153516932,35945647.74977636,1.2401486153516932,0.9661380243285277
bmc3g,6s7Equal partition (larger),38,293633,0,7.309999999999995,1.6581645255518513,1.9266777527746943,1.4275845127875906,37741236.9504929,1.4275845127875906,0.9621514914347717
bmc3g,6s7Equal partition (larger),39,329379,0,7.390000000000001,1.662624171794524,1.9197289743278476,1.6123345127875905,56077461.37020346,1.6123345127875905,0.9584576936032387
bmc3g,6s7Equal partition (larger),40,373929,0,9.400000000000006,1.590230362601458,1.911280291975889,1.8416028054705176,84435203.08598211,1.8416028054705176,0.9538769636650121
bmc3g,6s7Equal partition (larger),41,419117,0,10.200000000000003,1.5687671211247793,1.902717462704611,2.0844599483276607,94460077.26427312,2.0844599483276607,0.9492230238013786
bmc3g,6s7Equal partition (larger),42,474611,0,12.989999999999995,1.4785385849087125,1.8923716364169065,2.3865529715834746,1280985698.4930253,2.3865529715834746,0.9434531140367822
bmc3g,6s7Equal partition (larger),43,535030,0,14.150000000000006,1.449989436841478,1.8818387269032057,2.708143880674384,2105376592.5355363,2.708143880674384,0.9375552249993447
bmc3g,6s7Equal partition (larger),44,606239,0,18.599999999999994,1.3228835309770084,1.8688397688584104,3.121477214007717,3457127065.889846,3.121477214007717,0.9299797257428069
bmc3g,6s7Equal partition (larger),45,684905,0,22.17,1.235147824441264,1.8544376792125663,3.6034337357468473,5673385630.037562,3.6034337357468473,0.9213675720942276
bmc3g,6s7Equal partition (larger),46,778405,0,26.53,1.1373250928056935,1.8385018439590803,4.16790182085323,9303811387.553621,4.16790182085323,0.9115397827387535
bmc3g,6s7Equal partition (larger),47,886375,0,30.49000000000001,1.0596501931807463,1.8215702863334644,4.803110154186564,15249190870.693106,4.803110154186564,0.9008509718248359
bmc3g,6s7Equal partition (larger),48,1015313,0,37.089999999999975,0.9382005048807581,1.802775184600428,5.560048929696768,24967742865.534958,5.560048929696768,0.8884304491561095
bmc3g,6s7Equal partition (larger),49,312336,0,52.25,0.7033836387561339,1.7798711940620053,6.605048929696768,40769390623.71183,6.605048929696768,0.8714426815754144
bmc3g,6s7Equal partition (larger),50,497131,0,40.05,0.9119711373171994,1.7621589480059887,7.390343047343826,66774582010.45215,7.390343047343826,0.8599996235245654
bmc3g,6s7Equal partition (larger),51,680128,0,44.81000000000002,0.8448606396894024,1.743812981839657,8.252073816574596,34541889.83126142,8.252073816574596,0.847858537296875
bmc3g,6s7Equal partition (larger),52,875942,0,51.29999999999998,0.7597412625022854,1.7245174579310811,9.219998344876482,178813260242.1313,9.219998344876482,0.8346153814463335
bmc3g,6s7Equal partition (larger),53,1073884,0,55.72999999999999,0.7125609287380781,1.7050567554466,10.252035381913519,292409992031.45624,10.252035381913519,0.8210637473403364
bmc3g,6s7Equal partition (larger),54,556417,0,111.43,0.26372383063914095,1.6778617946011762,12.278035381913519,473856077007.1895,12.278035381913519,0.7932149419622345
bmc3g,6s7Equal partition (larger),55,883402,0,82.95999999999998,0.45462544771781105,1.6552092696588918,13.75946395334209,772268061009.1973,13.75946395334209,0.7750677082005563
bmc3g,6s7Increasing partition (fixed),2,1,0,0.02,1.9867110125100689,1.9867110125100689,0.006666666666666667,2.709235973831018,0.006666666666666667,0.9933555062550344
bmc3g,6s7Increasing partition (fixed),3,2,0,0,2.0,1.9933555062550345,0.006666666666666667,4.474225809665668,0.006666666666666667,0.9966722160545233
bmc3g,6s7Increasing partition (fixed),4,5,0,0,2.0,1.9955703375033564,0.006666666666666667,7.37593166881596,0.006666666666666667,0.9977802450856064
bmc3g,6s7Increasing partition (fixed),5,10,0,0,2.0,1.9966777531275173,0.006666666666666667,12.16423391821804,0.006666666666666667,0.9983347214509387
bmc3g,6s7Increasing partition (fixed),6,23,0,0,2.0,1.9973422025020138,0.006666666666666667,20.058774053168303,0.006666666666666667,0.9986675551606254
bmc3g,6s7Increasing partition (fixed),7,59,0,0.009999999999999998,1.9975015618491618,1.9973687623932053,0.007916666666666667,33.07155710841999,0.007916666666666667,0.9986814256396586
bmc3g,6s7Increasing partition (fixed),8,132,0,0,2.0,1.9977446534798902,0.007916666666666667,54.421965892037235,0.007916666666666667,0.9988696869046684
bmc3g,6s7Increasing partition (fixed),9,206,0,0,2.0,1.998026571794904,0.007916666666666667,89.89551625929198,0.007916666666666667,0.999010906142781
bmc3g,6s7Increasing partition (fixed),10,446,0,0.010000000000000002,1.9981826443777178,1.9980439131929946,0.008825757575757577,148.2291934247934,0.008825757575757577,0.9990198409393667
bmc3g,6s7Increasing partition (fixed),11,813,0,0.019999999999999997,1.9966694429018774,1.9979064661638826,0.010492424242424244,243.96650330770566,0.010492424242424244,0.9989513078381203
bmc3g,6s7Increasing partition (fixed),12,1298,0,0.020000000000000004,1.9969254425736727,1.9978172822011364,0.012030885780885783,401.2774733688647,0.012030885780885783,0.9989068810011513
bmc3g,6s7Increasing partition (fixed),13,1992,0,0.039999999999999994,1.994293869782032,1.9975236644995444,0.01488802863802864,661.5942103879873,0.01488802863802864,0.998760100258494
bmc3g,6s7Increasing partition (fixed),14,2886,0,0.06,1.992015978687983,1.9970999963601936,0.018888028638028638,1085.6565563545573,0.018888028638028638,0.9985481297050861
bmc3g,6s7Increasing partition (fixed),15,3746,0,0.05000000000000002,1.9937597554604163,1.9968614077244953,0.02201302863802864,1783.4246285351485,0.02201302863802864,0.9984288763206386
bmc3g,6s7Increasing partition (fixed),16,5292,0,0.11999999999999997,1.9859320628974226,1.9961327847360237,0.029071852167440404,2940.866396744726,0.029071852167440404,0.9980637534706964
bmc3g,6s7Increasing partition (fixed),17,7034,0,0.15000000000000002,1.983402585277752,1.9953371472698818,0.037405185500773735,4785.589153022777,0.037405185500773735,0.9976649064886601
bmc3g,6s7Increasing partition (fixed),18,10058,0,0.27,1.9717799332618058,1.9939514287988185,0.05161571181656321,7817.3968213831395,0.05161571181656321,0.9969683863073405
bmc3g,6s7Increasing partition (fixed),19,12274,0,0.21999999999999997,1.9781205575507375,1.993071935951703,0.06261571181656321,12601.294078627961,0.06261571181656321,0.9965273928389518
bmc3g,6s7Increasing partition (fixed),20,15635,0,0.32000000000000006,1.969754834123421,1.9918447200660039,0.07785380705465846,20855.97297971245,0.07785380705465846,0.9959108147879789
bmc3g,6s7Increasing partition (fixed),21,20081,0,0.43999999999999995,1.9603973466135105,1.9902723513933793,0.09785380705465846,33742.08071361826,0.09785380705465846,0.9951192593600194
bmc3g,6s7Increasing partition (fixed),22,25327,0,0.5699999999999998,1.9510439179399948,1.9884043307527421,0.12263641575031062,53959.01658891031,0.12263641575031062,0.9941771893370057
bmc3g,6s7Increasing partition (fixed),23,31304,0,0.6600000000000001,1.945749365106908,1.9864654686779313,0.15013641575031061,86798.94216151438,0.15013641575031061,0.9931988506835502
bmc3g,6s7Increasing partition (fixed),24,38042,0,0.79,1.9377881244057753,1.9843490624052291,0.18173641575031063,139101.3800667437,0.18173641575031063,0.9921295521553628
bmc3g,6s7Increasing partition (fixed),25,45334,0,0.8599999999999999,1.9349282728169068,1.9822898628390488,0.2148133388272337,223793.99529983205,0.2148133388272337,0.9910893811984058
bmc3g,6s7Increasing partition (fixed),26,54202,0,1.08,1.9215788783046464,1.9798614234576726,0.25481333882723367,359147.0043616802,0.25481333882723367,0.9898592342859255
bmc3g,6s7Increasing partition (fixed),27,63652,0,1.1900000000000004,1.9167809310418937,1.9774352506724502,0.2973133388272337,568003.2592436156,0.2973133388272337,0.9886300041616538
bmc3g,6s7Increasing partition (fixed),28,75416,0,1.5600000000000005,1.895256294434002,1.9743915856265817,0.3511064422755096,901283.3327549585,0.3511064422755096,0.9870802436397562
bmc3g,6s7Increasing partition (fixed),29,85665,0,1.459999999999999,1.9049971526264684,1.971913213019435,0.3997731089421762,1385131.4999760923,0.3997731089421762,0.9858238306990308
bmc3g,6s7Increasing partition (fixed),30,97057,0,1.6999999999999993,1.8932756383203564,1.96920157251257,0.45461181861959554,2280107.8302181824,0.45461181861959554,0.9844459635533149
bmc3g,6s7Increasing partition (fixed),31,110369,0,2.1000000000000014,1.872963958391316,1.9659936520418617,0.5202368186195956,3593509.038717807,0.5202368186195956,0.9828082664125356
bmc3g,6s7Increasing partition (fixed),32,126251,0,2.4399999999999995,1.8574559573596625,1.9624924360843712,0.5941762125589896,5351833.9045621585,0.5941762125589896,0.9810155438896978
bmc3g,6s7Increasing partition (fixed),33,144000,0,3.09,1.8262502621326326,1.9582348681483794,0.685058565500166,8273115.890595318,0.685058565500166,0.9788194462493864
bmc3g,6s7Increasing partition (fixed),34,170342,0,4.530000000000001,1.7571946862561212,1.9521427414243717,0.8144871369287374,11624892.77575407,0.8144871369287374,0.975620667571839
bmc3g,6s7Increasing partition (fixed),35,195145,0,4.32,1.773840873434315,1.9468985688364289,0.9344871369287374,14520114.033717098,0.9344871369287374,0.9728893577081837
bmc3g,6s7Increasing partition (fixed),36,221061,0,4.759999999999998,1.7585656969924477,1.9415176296408865,1.063135785577386,23698682.005557965,1.063135785577386,0.9700813857596514
bmc3g,6s7Increasing partition (fixed),37,256002,0,6.770000000000003,1.673620570234621,1.934076044657379,1.2412936803142283,35940968.31228058,1.2412936803142283,0.9661072945172299
bmc3g,6s7Increasing partition (fixed),38,293633,0,7.469999999999999,1.6513757345401898,1.926435495735293,1.4328321418526897,37658974.40938001,1.4328321418526897,0.9620150412698233
bmc3g,6s7Increasing partition (fixed),39,109869,0,13.53,1.4260340227236066,1.9132670359191961,1.7710821418526896,54236162.55665545,1.7710821418526896,0.9544620221843931
bmc3g,6s7Increasing partition (fixed),40,168683,0,9.49,1.5867434415336665,1.9048946360631571,2.002545556486836,472867764.1703119,2.002545556486836,0.949948675191522
bmc3g,6s7Increasing partition (fixed),41,214505,0,7.68,1.6657742622290417,1.898916626717304,2.185402699343979,114257418.47067732,2.185402699343979,0.9468306141923603
bmc3g,6s7Increasing partition (fixed),42,254616,0,7.510000000000002,1.6794998113905437,1.8935649970751878,2.3600538621346767,245822147.63761875,2.3600538621346767,0.9440630835070742
bmc3g,6s7Increasing partition (fixed),43,306001,0,10.240000000000002,1.5847392897418753,1.8862120040434422,2.5927811348619496,419264107.17442083,2.5927811348619496,0.9401339779284358
bmc3g,6s7Increasing partition (fixed),44,178444,0,25.73,1.1290419065646624,1.8686033971253313,3.1645589126397273,371570963.3759613,3.1645589126397273,0.9290484456878019
bmc3g,6s7Increasing partition (fixed),45,295535,0,22.169999999999998,1.2351478244412641,1.85420667956433,3.6465154343788577,5670608820.148787,3.6465154343788577,0.9204658754217625
bmc3g,6s7Increasing partition (fixed),46,390087,0,20.880000000000003,1.282603326656209,1.8415043828330384,4.090770753527794,98305687.90631123,4.090770753527794,0.9131035233079536
bmc3g,6s7Increasing partition (fixed),47,489187,0,22.349999999999994,1.2554852868119604,1.8287648372673628,4.556395753527794,208278163.8226368,4.556395753527794,0.905695536723937
bmc3g,6s7Increasing partition (fixed),48,578792,0,21.14,1.2991609189707687,1.8174966687929672,4.987824324956366,25120197457.787064,4.987824324956366,0.8993131966535239
bmc3g,6s7Increasing partition (fixed),49,312336,0,53.19,0.6902835529926155,1.794013062213793,6.051624324956365,41005098378.504295,6.051624324956365,0.881548281407118
bmc3g,6s7Increasing partition (fixed),50,497131,0,41.519999999999996,0.8860601276642307,1.775483410488292,6.865741972015189,67132989603.89765,6.865741972015189,0.8692563672724557
bmc3g,6s7Increasing partition (fixed),51,680128,0,46.07000000000001,0.8246350469108216,1.7564664432167427,7.751703510476728,25928422.31949384,7.751703510476728,0.856385999736117
bmc3g,6s7Increasing partition (fixed),52,875942,0,52.33000000000001,0.7451190237011818,1.736636101657614,8.739062001042765,179658366684.39667,8.739062001042765,0.8425231352601654
bmc3g,6s7Increasing partition (fixed),53,451721,0,85.64,0.40951622893885864,1.7111145656437918,10.32498792696869,292204948060.26355,10.32498792696869,0.8199126570956837
bmc3g,6s7Increasing partition (fixed),54,734619,0,71.52,0.5448654171605309,1.6891098647290133,11.625351563332327,476782797054.7522,11.625351563332327,0.8030436114103641
bmc3g,6s7Increasing partition (fixed),55,781255,0,9.330000000000013,1.6930642244143586,1.6891830936120753,11.79195870618947,786465896306.3246,11.79195870618947,0.8038282872621466
Action,Design,Frame,Clauses,Mem,time,reward
bmc3g,6s7Un-partitioned,2,1,0,0.02,1.9867110125100689,1.9867110125100689,0.006666666666666667,2.709235973831018,0.006666666666666667,0.9933555062550344
bmc3g,6s7Un-partitioned,3,2,0,0,2.0,1.9933555062550345,0.006666666666666667,4.474225809665668,0.006666666666666667,0.9966722160545233
bmc3g,6s7Un-partitioned,4,5,0,0,2.0,1.9955703375033564,0.006666666666666667,7.37593166881596,0.006666666666666667,0.9977802450856064
bmc3g,6s7Un-partitioned,5,10,0,0,2.0,1.9966777531275173,0.006666666666666667,12.16423391821804,0.006666666666666667,0.9983347214509387
bmc3g,6s7Un-partitioned,6,23,0,0,2.0,1.9973422025020138,0.006666666666666667,20.058774053168303,0.006666666666666667,0.9986675551606254
bmc3g,6s7Un-partitioned,7,59,0,0.009999999999999998,1.9975015618491618,1.9973687623932053,0.007916666666666667,33.07155710841999,0.007916666666666667,0.9986814256396586
bmc3g,6s7Un-partitioned,8,132,0,0,2.0,1.9977446534798902,0.007916666666666667,54.421965892037235,0.007916666666666667,0.9988696869046684
bmc3g,6s7Un-partitioned,9,206,0,0,2.0,1.998026571794904,0.007916666666666667,89.89551625929198,0.007916666666666667,0.999010906142781
bmc3g,6s7Un-partitioned,10,446,0,0.010000000000000002,1.9981826443777178,1.9980439131929946,0.008825757575757577,148.2291934247934,0.008825757575757577,0.9990198409393667
bmc3g,6s7Un-partitioned,11,813,0,0.019999999999999997,1.9966694429018774,1.9979064661638826,0.010492424242424244,243.96650330770566,0.010492424242424244,0.9989513078381203
bmc3g,6s7Un-partitioned,12,1298,0,0.020000000000000004,1.9969254425736727,1.9978172822011364,0.012030885780885783,401.2774733688647,0.012030885780885783,0.9989068810011513
bmc3g,6s7Un-partitioned,13,1992,0,0.039999999999999994,1.994293869782032,1.9975236644995444,0.01488802863802864,661.5942103879873,0.01488802863802864,0.998760100258494
bmc3g,6s7Un-partitioned,14,2886,0,0.06,1.992015978687983,1.9970999963601936,0.018888028638028638,1085.6565563545573,0.018888028638028638,0.9985481297050861
bmc3g,6s7Un-partitioned,15,3746,0,0.05000000000000002,1.9937597554604163,1.9968614077244953,0.02201302863802864,1783.4246285351485,0.02201302863802864,0.9984288763206386
bmc3g,6s7Un-partitioned,16,5292,0,0.11999999999999997,1.9859320628974226,1.9961327847360237,0.029071852167440404,2940.866396744726,0.029071852167440404,0.9980637534706964
bmc3g,6s7Un-partitioned,17,7034,0,0.15000000000000002,1.983402585277752,1.9953371472698818,0.037405185500773735,4785.589153022777,0.037405185500773735,0.9976649064886601
bmc3g,6s7Un-partitioned,18,10058,0,0.27,1.9717799332618058,1.9939514287988185,0.05161571181656321,7817.3968213831395,0.05161571181656321,0.9969683863073405
bmc3g,6s7Un-partitioned,19,12274,0,0.21999999999999997,1.9781205575507375,1.993071935951703,0.06261571181656321,12601.294078627961,0.06261571181656321,0.9965273928389518
bmc3g,6s7Un-partitioned,20,15635,0,0.32000000000000006,1.969754834123421,1.9918447200660039,0.07785380705465846,20855.97297971245,0.07785380705465846,0.9959108147879789
bmc3g,6s7Un-partitioned,21,20081,0,0.43999999999999995,1.9603973466135105,1.9902723513933793,0.09785380705465846,33742.08071361826,0.09785380705465846,0.9951192593600194
bmc3g,6s7Un-partitioned,22,25327,0,0.56,1.9518923823397332,1.9884447338193962,0.12220163314161499,53959.575173753765,0.12220163314161499,0.9941977729287468
bmc3g,6s7Un-partitioned,23,31304,0,0.6699999999999999,1.9449388050831786,1.9864671916041134,0.15011829980828165,86964.46684385781,0.15011829980828165,0.9931996685353779
bmc3g,6s7Un-partitioned,24,38042,0,0.79,1.9377881244057753,1.9843507104215772,0.18171829980828164,138836.13088888756,0.18171829980828164,0.9921303336061684
bmc3g,6s7Un-partitioned,25,45334,0,0.8699999999999997,1.9341842127327042,1.9822604396845407,0.21517983826982007,223792.286548553,0.21517983826982007,0.991074246576225
bmc3g,6s7Un-partitioned,26,54202,0,1.08,1.9215788783046464,1.979833177229345,0.25517983826982005,358426.8008942588,0.25517983826982005,0.9898447230779885
bmc3g,6s7Un-partitioned,27,63652,0,1.1900000000000004,1.9167809310418937,1.9774080908375198,0.2976798382698201,567953.8178102237,0.2976798382698201,0.9886160684004339
bmc3g,6s7Un-partitioned,28,75416,0,1.5700000000000003,1.8946028704465316,1.9743412308230388,0.35181776930430286,901202.1345702189,0.35181776930430286,0.987054238913537
bmc3g,6s7Un-partitioned,29,85665,0,1.4800000000000004,1.9037275777633595,1.971819314642336,0.4011511026376362,1382329.9899388,0.4011511026376362,0.9857753154991578
bmc3g,6s7Un-partitioned,30,97057,0,1.7199999999999989,1.8920545641038642,1.9690688060030785,0.4566349736053781,2270602.004781065,0.4566349736053781,0.9843772870951415
bmc3g,6s7Un-partitioned,31,110369,0,2.0999999999999996,1.8729639583913162,1.9658653110826865,0.5222599736053781,3578549.4005991053,0.5222599736053781,0.9827419895325588
bmc3g,6s7Un-partitioned,32,126251,0,2.450000000000001,1.8568931771920671,1.9623500809571826,0.5965023978478023,5349492.887072197,0.5965023978478023,0.9809419329765071
bmc3g,6s7Un-partitioned,33,144000,0,3.099999999999998,1.8257132086849135,1.9580801786986743,0.6876788684360375,8253585.281523706,0.6876788684360375,0.9787392994224245
bmc3g,6s7Un-partitioned,34,170342,0,4.550000000000001,1.7561908618411226,1.9519623206120817,0.8176788684360375,11596030.813072838,0.8176788684360375,0.9755263109463563
bmc3g,6s7Un-partitioned,35,195145,0,4.34,1.772855679972597,1.9466944782403321,0.9382344239915931,14456094.920017174,0.9382344239915931,0.9727821372726789
bmc3g,6s7Un-partitioned,36,221061,0,4.789999999999999,1.757140410810611,1.94127864774234,1.0676938834510525,23588659.904726595,1.0676938834510525,0.9699550589599226
bmc3g,6s7Un-partitioned,37,256002,0,6.810000000000002,1.6718597912595758,1.9337947906178188,1.246904409766842,35704817.04614285,1.246904409766842,0.9659567349542778
bmc3g,6s7Un-partitioned,38,293633,0,7.329999999999998,1.6573144027683486,1.9263223477029683,1.4348531277155598,37326765.61094123,1.4348531277155598,0.9619624962508659
bmc3g,6s7Un-partitioned,39,329379,0,7.509999999999998,1.657643773611713,1.9192518589110932,1.6226031277155597,55785712.000481784,1.6226031277155597,0.9581987277266586
bmc3g,6s7Un-partitioned,40,373929,0,9.450000000000003,1.5882922393039105,1.9107657148186012,1.8530909325936085,82316697.36432472,1.8530909325936085,0.9535960240238841
bmc3g,6s7Un-partitioned,41,419117,0,10.269999999999996,1.5661546868894978,1.9021504391203738,2.097614742117418,93356276.49792798,2.097614742117418,0.9489109042990729
bmc3g,6s7Un-partitioned,42,474611,0,13.079999999999998,1.4754472055588617,1.8917430431798492,2.401800788629046,1280747522.6432478,2.401800788629046,0.9431023109680595
bmc3g,6s7Un-partitioned,43,535030,0,14.260000000000005,1.4463689906927093,1.8811388990730125,2.725891697719955,2104931808.1133823,2.725891697719955,0.937159128727112
bmc3g,6s7Un-partitioned,44,606239,0,18.64,1.3217081569708669,1.8681288818148232,3.140113919942177,3456377967.2864985,3.140113919942177,0.9295767489213611
bmc3g,6s7Un-partitioned,45,684905,0,22.000000000000014,1.2397209463127423,1.853846883280685,3.6183747895073948,5672422457.718305,3.6183747895073948,0.9210547569714583
bmc3g,6s7Un-partitioned,46,778405,0,26.559999999999974,1.136599372256378,1.8379080497023672,4.183481172486117,9302201000.838263,4.183481172486117,0.9112242551653463
bmc3g,6s7Un-partitioned,47,886375,0,30.600000000000023,1.057224608531994,1.8209366705464896,4.820981172486118,15246229000.014568,4.820981172486118,0.9005010588389769
bmc3g,6s7Un-partitioned,48,1015313,0,37.16,0.9368611753369509,1.8021265536271378,5.579348519424893,24962617145.004124,5.579348519424893,0.8880657082357957
bmc3g,6s7Un-partitioned,49,1163509,0,45.27999999999997,0.8085984655498705,1.7814280517921945,6.484948519424893,40820426922.0619,6.484948519424893,0.8736258413276274
bmc3g,6s7Un-partitioned,50,1326744,0,50.81,0.7385050570930423,1.760143909043232,7.481223029228814,66712687521.84217,7.481223029228814,0.8584060660432173
bmc3g,6s7Un-partitioned,51,1545503,0,74.25999999999999,0.4795391490050117,1.7345318138424677,8.909299952305737,108596715554.60124,8.909299952305737,0.8367867674727302
bmc3g,6s7Un-partitioned,52,1792174,0,86.66000000000003,0.3898679608670965,1.7081658559409896,10.544394291928379,176506508037.4225,10.544394291928379,0.8132206294984842
bmc3g,6s7Un-partitioned,53,2071908,0,104.33999999999997,0.28965201011344877,1.6808867435212291,12.476616514150601,286221703211.1702,12.476616514150601,0.7866790462747829
bmc3g,6s7Un-partitioned,54,2413804,0,134.31000000000006,0.17397340792920757,1.6524544164345873,14.918616514150603,462197596559.5345,14.918616514150603,0.7546634954670226
bmc3g,6s7Un-partitioned,55,2714123,0,114.70999999999992,0.25788393062577664,1.6266290370677576,16.967009371293457,749669336338.8466,16.967009371293457,0.7303701071330054
bmc3g,6s7Equal partition (larger),2,1,0,0.02,1.9867110125100689,1.9867110125100689,0.006666666666666667,2.709235973831018,0.006666666666666667,0.9933555062550344
bmc3g,6s7Equal partition (larger),3,2,0,0,2.0,1.9933555062550345,0.006666666666666667,4.474225809665668,0.006666666666666667,0.9966722160545233
bmc3g,6s7Equal partition (larger),4,5,0,0,2.0,1.9955703375033564,0.006666666666666667,7.37593166881596,0.006666666666666667,0.9977802450856064
bmc3g,6s7Equal partition (larger),5,10,0,0,2.0,1.9966777531275173,0.006666666666666667,12.16423391821804,0.006666666666666667,0.9983347214509387
bmc3g,6s7Equal partition (larger),6,23,0,0,2.0,1.9973422025020138,0.006666666666666667,20.058774053168303,0.006666666666666667,0.9986675551606254
bmc3g,6s7Equal partition (larger),7,59,0,0.009999999999999998,1.9975015618491618,1.9973687623932053,0.007916666666666667,33.07155710841999,0.007916666666666667,0.9986814256396586
bmc3g,6s7Equal partition (larger),8,132,0,0,2.0,1.9977446534798902,0.007916666666666667,54.421965892037235,0.007916666666666667,0.9988696869046684
bmc3g,6s7Equal partition (larger),9,206,0,0,2.0,1.998026571794904,0.007916666666666667,89.89551625929198,0.007916666666666667,0.999010906142781
bmc3g,6s7Equal partition (larger),10,446,0,0.010000000000000002,1.9981826443777178,1.9980439131929946,0.008825757575757577,148.2291934247934,0.008825757575757577,0.9990198409393667
bmc3g,6s7Equal partition (larger),11,813,0,0.019999999999999997,1.9966694429018774,1.9979064661638826,0.010492424242424244,243.96650330770566,0.010492424242424244,0.9989513078381203
bmc3g,6s7Equal partition (larger),12,1298,0,0.020000000000000004,1.9969254425736727,1.9978172822011364,0.012030885780885783,401.2774733688647,0.012030885780885783,0.9989068810011513
bmc3g,6s7Equal partition (larger),13,1992,0,0.039999999999999994,1.994293869782032,1.9975236644995444,0.01488802863802864,661.5942103879873,0.01488802863802864,0.998760100258494
bmc3g,6s7Equal partition (larger),14,2886,0,0.06,1.992015978687983,1.9970999963601936,0.018888028638028638,1085.6565563545573,0.018888028638028638,0.9985481297050861
bmc3g,6s7Equal partition (larger),15,3746,0,0.05000000000000002,1.9937597554604163,1.9968614077244953,0.02201302863802864,1783.4246285351485,0.02201302863802864,0.9984288763206386
bmc3g,6s7Equal partition (larger),16,5292,0,0.11999999999999997,1.9859320628974226,1.9961327847360237,0.029071852167440404,2940.866396744726,0.029071852167440404,0.9980637534706964
bmc3g,6s7Equal partition (larger),17,7034,0,0.15000000000000002,1.983402585277752,1.9953371472698818,0.037405185500773735,4785.589153022777,0.037405185500773735,0.9976649064886601
bmc3g,6s7Equal partition (larger),18,10058,0,0.27,1.9717799332618058,1.9939514287988185,0.05161571181656321,7817.3968213831395,0.05161571181656321,0.9969683863073405
bmc3g,6s7Equal partition (larger),19,12274,0,0.21999999999999997,1.9781205575507375,1.993071935951703,0.06261571181656321,12601.294078627961,0.06261571181656321,0.9965273928389518
bmc3g,6s7Equal partition (larger),20,15635,0,0.32000000000000006,1.969754834123421,1.9918447200660039,0.07785380705465846,20855.97297971245,0.07785380705465846,0.9959108147879789
bmc3g,6s7Equal partition (larger),21,20081,0,0.44999999999999996,1.95950645940021,1.9902278070327142,0.0983083525092039,33741.69728306144,0.0983083525092039,0.9950966432702177
bmc3g,6s7Equal partition (larger),22,25327,0,0.5599999999999998,1.9518923823397332,1.988402310618763,0.12265617859616042,53851.181062502896,0.12265617859616042,0.9941762537293249
bmc3g,6s7Equal partition (larger),23,31304,0,0.6600000000000001,1.945749365106908,1.9864635403682238,0.15015617859616043,86956.11004912406,0.15015617859616043,0.9931979584823243
bmc3g,6s7Equal partition (larger),24,38042,0,0.7999999999999998,1.9370131641583952,1.9843135240112748,0.18215617859616043,139100.110733597,0.18215617859616043,0.9921114454021462
bmc3g,6s7Equal partition (larger),25,45334,0,0.8599999999999999,1.9349282728169068,1.9822558052115093,0.21523310167308352,223364.32356624032,0.21523310167308352,0.9910720470791965
bmc3g,6s7Equal partition (larger),26,54202,0,1.08,1.9215788783046464,1.9798287281352347,0.2552331016730835,359114.0618241867,0.2552331016730835,0.989842614180289
bmc3g,6s7Equal partition (larger),27,63652,0,1.1900000000000004,1.9167809310418937,1.9774038128624138,0.29773310167308353,567953.2360575752,0.29773310167308353,0.9886140431311113
bmc3g,6s7Equal partition (larger),28,75416,0,1.5700000000000003,1.8946028704465316,1.9743371112914554,0.3518710327075663,901201.245661533,0.3518710327075663,0.9870522917351625
bmc3g,6s7Equal partition (larger),29,85665,0,1.459999999999999,1.9049971526264684,1.9718606841962774,0.40053769937423295,1382345.131552567,0.40053769937423295,0.985796911371264
bmc3g,6s7Equal partition (larger),30,97057,0,1.7100000000000009,1.892665002738384,1.9691297986287637,0.4556989896968136,2279739.3912079604,0.4556989896968136,0.9844090586871914
bmc3g,6s7Equal partition (larger),31,110369,0,2.0999999999999996,1.8729639583913162,1.9659242706208488,0.5213239896968136,3586016.9008632605,0.5213239896968136,0.9827726510338166
bmc3g,6s7Equal partition (larger),32,126251,0,2.4499999999999993,1.8568931771920671,1.9624071385747592,0.5955664139392378,5350643.668107426,0.5955664139392378,0.9809715510321666
bmc3g,6s7Equal partition (larger),33,144000,0,3.09,1.8262502621326326,1.9581522361859427,0.6864487668804142,8255341.573167025,0.6864487668804142,0.9787769235435297
bmc3g,6s7Equal partition (larger),34,170342,0,4.560000000000002,1.755689164697887,1.9520169915953958,0.8167344811661286,11621591.186100995,0.8167344811661286,0.9755542287588432
bmc3g,6s7Equal partition (larger),35,195145,0,4.34,1.772855679972597,1.9467475412535487,0.9372900367216841,14431784.595811864,0.9372900367216841,0.9728091577381397
bmc3g,6s7Equal partition (larger),36,221061,0,4.760000000000002,1.7585656969924475,1.9413709171318028,1.0659386853703328,23593414.55668863,1.0659386853703328,0.9700037019869681
bmc3g,6s7Equal partition (larger),37,256002,0,6.799999999999997,1.6722998122574995,1.9338967197741834,1.2448860537913853,35920696.86322149,1.2448860537913853,0.9660108932654693
bmc3g,6s7Equal partition (larger),38,293633,0,7.340000000000003,1.6568895048338044,1.9264100382893083,1.4330911819965135,37414853.928153254,1.4330911819965135,0.9620083061443553
bmc3g,6s7Equal partition (larger),39,329379,0,7.409999999999997,1.6617930675020147,1.9194464337949058,1.6183411819965134,55701456.183705,1.6183411819965134,0.9583062019368158
bmc3g,6s7Equal partition (larger),40,373929,0,9.439999999999998,1.5886796749012835,1.9109652348489157,1.8485850844355378,84010981.96678905,1.8485850844355378,0.9537062036933724
bmc3g,6s7Equal partition (larger),41,419117,0,10.269999999999996,1.5661546868894978,1.9023449711499303,2.0931088939593474,93620432.70443772,2.0931088939593474,0.9490178015310012
bmc3g,6s7Equal partition (larger),42,474611,0,13.070000000000007,1.4757903727175794,1.8919412004564584,2.3970623823314408,1280821533.344125,2.3970623823314408,0.9432113124356504
bmc3g,6s7Equal partition (larger),43,535030,0,14.260000000000005,1.4463689906927093,1.8813323383192262,2.72115329142235,2105050549.8211927,2.72115329142235,0.9372648642323882
bmc3g,6s7Equal partition (larger),44,606239,0,18.739999999999995,1.3187742887940368,1.868249592981431,3.137597735866794,3456479095.31472,3.137597735866794,0.9296311455410766
bmc3g,6s7Equal partition (larger),45,684905,0,22.039999999999992,1.2386433966663026,1.8539403612469962,3.6167281706494028,5672528598.686222,3.6167281706494028,0.9210892263921605
bmc3g,6s7Equal partition (larger),46,778405,0,26.53,1.1373250928056935,1.8380155775038562,4.181196255755786,9302437167.777218,4.181196255755786,0.9112705245965944
bmc3g,6s7Equal partition (larger),47,886375,0,30.580000000000013,1.0576652105712665,1.8210514390922783,4.81827958908912,15246676712.665606,4.81827958908912,0.9005539468857067
bmc3g,6s7Equal partition (larger),48,1015313,0,37.26999999999998,0.9347603765181488,1.8021941824417649,5.578891833987079,24962738422.572506,5.578891833987079,0.8880743373559482
bmc3g,6s7Equal partition (larger),49,1163509,0,45.389999999999986,0.8068215042997433,1.7814572516471394,6.486691833987079,40819685649.16033,6.486691833987079,0.8735941126402446
bmc3g,6s7Equal partition (larger),50,350951,0,60.52,0.6104740538890702,1.7575596353663625,7.6733585006537455,66582021024.589745,7.6733585006537455,0.8550467329871732
bmc3g,6s7Equal partition (larger),51,574735,0,52.6,0.7273181469745956,1.736954805598527,8.684896962192207,108840683464.73495,8.684896962192207,0.8405507567132324
bmc3g,6s7Equal partition (larger),52,762314,0,48.0,0.8085496459842536,1.7187507828609925,9.590557339550697,178164822526.53293,9.590557339550697,0.8285731582908125
bmc3g,6s7Equal partition (larger),53,977912,0,58.72,0.6741785940412931,1.6986628561529213,10.677964746958105,291214883256.93115,10.677964746958105,0.8143659240040646
bmc3g,6s7Equal partition (larger),54,1203570,0,66.48999999999998,0.5970455261142931,1.677877623510683,11.886873837867196,475607932604.16595,11.886873837867196,0.7990908472819972
bmc3g,6s7Equal partition (larger),55,300439,0,45.43,0.8886046820815228,1.6632614579286613,12.698123837867195,779894724771.2324,12.698123837867195,0.7904519239560251
bmc3g,6s7Increasing partition (fixed),2,1,0,0.02,1.9867110125100689,1.9867110125100689,0.006666666666666667,2.709235973831018,0.006666666666666667,0.9933555062550344
bmc3g,6s7Increasing partition (fixed),3,2,0,0,2.0,1.9933555062550345,0.006666666666666667,4.474225809665668,0.006666666666666667,0.9966722160545233
bmc3g,6s7Increasing partition (fixed),4,5,0,0,2.0,1.9955703375033564,0.006666666666666667,7.37593166881596,0.006666666666666667,0.9977802450856064
bmc3g,6s7Increasing partition (fixed),5,10,0,0,2.0,1.9966777531275173,0.006666666666666667,12.16423391821804,0.006666666666666667,0.9983347214509387
bmc3g,6s7Increasing partition (fixed),6,23,0,0,2.0,1.9973422025020138,0.006666666666666667,20.058774053168303,0.006666666666666667,0.9986675551606254
bmc3g,6s7Increasing partition (fixed),7,59,0,0.009999999999999998,1.9975015618491618,1.9973687623932053,0.007916666666666667,33.07155710841999,0.007916666666666667,0.9986814256396586
bmc3g,6s7Increasing partition (fixed),8,132,0,0,2.0,1.9977446534798902,0.007916666666666667,54.421965892037235,0.007916666666666667,0.9988696869046684
bmc3g,6s7Increasing partition (fixed),9,206,0,0,2.0,1.998026571794904,0.007916666666666667,89.89551625929198,0.007916666666666667,0.999010906142781
bmc3g,6s7Increasing partition (fixed),10,446,0,0.010000000000000002,1.9981826443777178,1.9980439131929946,0.008825757575757577,148.2291934247934,0.008825757575757577,0.9990198409393667
bmc3g,6s7Increasing partition (fixed),11,813,0,0.019999999999999997,1.9966694429018774,1.9979064661638826,0.010492424242424244,243.96650330770566,0.010492424242424244,0.9989513078381203
bmc3g,6s7Increasing partition (fixed),12,1298,0,0.020000000000000004,1.9969254425736727,1.9978172822011364,0.012030885780885783,401.2774733688647,0.012030885780885783,0.9989068810011513
bmc3g,6s7Increasing partition (fixed),13,1992,0,0.039999999999999994,1.994293869782032,1.9975236644995444,0.01488802863802864,661.5942103879873,0.01488802863802864,0.998760100258494
bmc3g,6s7Increasing partition (fixed),14,2886,0,0.06,1.992015978687983,1.9970999963601936,0.018888028638028638,1085.6565563545573,0.018888028638028638,0.9985481297050861
bmc3g,6s7Increasing partition (fixed),15,3746,0,0.05000000000000002,1.9937597554604163,1.9968614077244953,0.02201302863802864,1783.4246285351485,0.02201302863802864,0.9984288763206386
bmc3g,6s7Increasing partition (fixed),16,5292,0,0.11999999999999997,1.9859320628974226,1.9961327847360237,0.029071852167440404,2940.866396744726,0.029071852167440404,0.9980637534706964
bmc3g,6s7Increasing partition (fixed),17,7034,0,0.15000000000000002,1.983402585277752,1.9953371472698818,0.037405185500773735,4785.589153022777,0.037405185500773735,0.9976649064886601
bmc3g,6s7Increasing partition (fixed),18,10058,0,0.27,1.9717799332618058,1.9939514287988185,0.05161571181656321,7817.3968213831395,0.05161571181656321,0.9969683863073405
bmc3g,6s7Increasing partition (fixed),19,12274,0,0.20999999999999996,1.9791098651357986,1.9931268974842062,0.06211571181656321,12601.469097816682,0.06211571181656321,0.9965550745398858
bmc3g,6s7Increasing partition (fixed),20,15635,0,0.33000000000000007,1.968817078923749,1.9918474333494454,0.07782999753084893,20897.739759257496,0.07782999753084893,0.9959120627973007
bmc3g,6s7Increasing partition (fixed),21,20081,0,0.43999999999999995,1.9603973466135105,1.9902749290126487,0.09782999753084892,33681.774189305506,0.09782999753084892,0.9951204440265096
bmc3g,6s7Increasing partition (fixed),22,25327,0,0.5499999999999998,1.9527412157172435,1.9884876093319153,0.12174304100910979,53960.16435403339,0.12174304100910979,0.99421948417899
bmc3g,6s7Increasing partition (fixed),23,31304,0,0.6600000000000001,1.945749365106908,1.986544961867142,0.1492430410091098,87132.0045402325,0.1492430410091098,0.9932391832645557
bmc3g,6s7Increasing partition (fixed),24,38042,0,0.79,1.9377881244057753,1.984425099368822,0.1808430410091098,139129.37555789424,0.1808430410091098,0.9921680895769264
bmc3g,6s7Increasing partition (fixed),25,45334,0,0.8600000000000003,1.9349282728169068,1.9823627315958252,0.2139199640860329,223837.0853904658,0.2139199640860329,0.9911262741441952
bmc3g,6s7Increasing partition (fixed),26,54202,0,1.0699999999999994,1.922290705997306,1.9799598505718845,0.2535495937156625,359215.9462173549,0.2535495937156625,0.9899092727413709
bmc3g,6s7Increasing partition (fixed),27,63652,0,1.1800000000000006,1.917465617918359,1.9775562262390567,0.29569245085851964,569203.6779070318,0.29569245085851964,0.9886916391012848
bmc3g,6s7Increasing partition (fixed),28,75416,0,1.5599999999999996,1.895256294434002,1.974508080616647,0.3494855543067955,903323.2462371679,0.3494855543067955,0.9871395026959316
bmc3g,6s7Increasing partition (fixed),29,85665,0,1.4600000000000009,1.9049971526264682,1.9720255474741408,0.3981522209734622,1385582.0744170134,0.3981522209734622,0.9858809005646713
bmc3g,6s7Increasing partition (fixed),30,97057,0,1.709999999999999,1.892665002738384,1.9692889769660111,0.4533135112960428,2280810.4371512164,0.4533135112960428,0.984490037415888
bmc3g,6s7Increasing partition (fixed),31,110369,0,2.09,1.873549351091159,1.9660976561035162,0.5186260112960428,3587662.3972760313,0.5186260112960428,0.9828610383210521
bmc3g,6s7Increasing partition (fixed),32,126251,0,2.4499999999999993,1.8568931771920671,1.9625749309773404,0.592868435538467,5363734.037095438,0.592868435538467,0.9810569302331474
bmc3g,6s7Increasing partition (fixed),33,144000,0,3.120000000000001,1.8246395755440397,1.9582644511200498,0.68463314142082,8259304.940043666,0.68463314142082,0.9788324592534421
bmc3g,6s7Increasing partition (fixed),34,170342,0,4.550000000000001,1.7561908618411226,1.9521410090206885,0.81463314142082,11557493.513589805,0.81463314142082,0.9756163510662353
bmc3g,6s7Increasing partition (fixed),35,195145,0,4.34,1.772855679972597,1.9468679111075091,0.9351886969763755,14463753.453667238,0.9351886969763755,0.9728692832004666
bmc3g,6s7Increasing partition (fixed),36,221061,0,4.780000000000001,1.7576153778061814,1.9414606958703282,1.0643778861655648,23600881.042921968,1.0643778861655648,0.9700469595516714
bmc3g,6s7Increasing partition (fixed),37,256002,0,6.809999999999995,1.6718597912595763,1.933971781853363,1.243588412481354,35792259.91234631,1.243588412481354,0.9660457143275117
bmc3g,6s7Increasing partition (fixed),38,293633,0,7.3600000000000065,1.6560400357394531,1.9264601130394734,1.432306361199303,37346718.95410862,1.432306361199303,0.9620287118776836
bmc3g,6s7Increasing partition (fixed),39,329379,0,7.449999999999996,1.6601321050541502,1.9194514812503858,1.6185563611993028,55490935.042047225,1.6185563611993028,0.9583007754373231
bmc3g,6s7Increasing partition (fixed),40,106049,0,12.83,1.4626068412352664,1.907737516121793,1.9314831904675955,83253047.24769498,1.9314831904675955,0.9516811659404381
bmc3g,6s7Increasing partition (fixed),41,154502,0,7.9300000000000015,1.6558883906650903,1.9014412879853755,2.1202927142771193,778980320.5558226,2.1202927142771193,0.9483730723984468
bmc3g,6s7Increasing partition (fixed),42,202511,0,8.45,1.6431835556938896,1.8951423189050953,2.316804342184096,246185601.85603774,2.316804342184096,0.9450594693114761
bmc3g,6s7Increasing partition (fixed),43,251728,0,8.939999999999998,1.6322596813825618,1.8888832084878924,2.519986160365914,366662140.6298765,2.519986160365914,0.9417648439099318
bmc3g,6s7Increasing partition (fixed),44,304473,0,10.380000000000003,1.588008179917583,1.8818861148002106,2.7506528270325807,505430160.03250027,2.7506528270325807,0.9380343873161663
bmc3g,6s7Increasing partition (fixed),45,165431,0,22.86,1.2167588690318367,1.866769586487293,3.2476093487717113,627925795.6209129,3.2476093487717113,0.9288488052800405
bmc3g,6s7Increasing partition (fixed),46,270421,0,19.86,1.3107427864384025,1.8544134353750954,3.670162540261073,9355408069.760687,3.670162540261073,0.9216781747905913
bmc3g,6s7Increasing partition (fixed),47,356444,0,17.82,1.3797429042709513,1.8440945107858748,4.041412540261073,285781551.07082087,4.041412540261073,0.9158920282423096
bmc3g,6s7Increasing partition (fixed),48,447934,0,20.220000000000006,1.3237837579113012,1.833024069235352,4.4540656014855635,594289536.0242738,4.4540656014855635,0.9095845217620349
bmc3g,6s7Increasing partition (fixed),49,563742,0,27.909999999999997,1.1444763321557827,1.8186793247128608,5.012265601485564,41451458297.03721,5.012265601485564,0.9008448803844346
bmc3g,6s7Increasing partition (fixed),50,350951,0,60.47,0.6110728513436733,1.794034294644102,6.197951875995368,67592008334.441086,6.197951875995368,0.8811840065925984
bmc3g,6s7Increasing partition (fixed),51,574735,0,52.55,0.7280178276777322,1.7727139653047745,7.20852879907229,110459493054.91516,7.20852879907229,0.8657400610030482
bmc3g,6s7Increasing partition (fixed),52,762314,0,48.14,0.8064166728411469,1.7537669595701937,8.116830685864743,180757687566.65567,8.116830685864743,0.8528653975228813
bmc3g,6s7Increasing partition (fixed),53,977912,0,58.610000000000014,0.6755533205159338,1.7330320818960734,9.202201056235113,295376691051.1482,9.202201056235113,0.8378087680766373
bmc3g,6s7Increasing partition (fixed),54,556417,0,111.35,0.2641077080541462,1.7053165276726407,11.226746510780568,478579078289.56024,11.226746510780568,0.809105950389699
bmc3g,6s7Increasing partition (fixed),55,883402,0,82.87,0.4553566832013352,1.6821691231453941,12.706567939351997,779833750208.6202,12.706567939351997,0.7903283288740541
Action,Design,Frame,Clauses,Mem,time,reward
bmc2,6s7Un-partitioned,5,2,0,0.01,1.9966694429018774,1.9966694429018774,0.0016666666666666668,12.172346111260747,0.0016666666666666668,0.9983347214509387
bmc2,6s7Un-partitioned,7,34,0,0.01,1.9975015618491618,1.9970855023755196,0.002916666666666667,33.091314076311534,0.002916666666666667,0.9985427295179956
bmc2,6s7Un-partitioned,9,86,0,0,2.0,1.9980570015836798,0.002916666666666667,89.8385247008431,0.002916666666666667,0.9990282502326797
bmc2,6s7Un-partitioned,11,310,0,0.02,1.9966694429018774,1.9977101119132292,0.004583333333333333,244.38880413828556,0.004583333333333333,0.9988548228830184
bmc2,6s7Un-partitioned,13,929,0,0.04,1.994293869782032,1.9970268634869897,0.00744047619047619,662.9400235054565,0.00744047619047619,0.9985130114266146
bmc2,6s7Un-partitioned,14,1584,0,0.039999999999999994,1.9946737714610019,1.9966346814826583,0.010107142857142856,1090.366164130704,0.010107142857142856,0.9983168942043708
bmc2,6s7Un-partitioned,15,2359,0,0.05000000000000002,1.9937597554604163,1.9962239777651953,0.013232142857142857,1789.076505412176,0.013232142857142857,0.9981114793809428
bmc2,6s7Un-partitioned,16,3233,0,0.06999999999999998,1.991781637651998,1.9956686852510457,0.017349789915966383,2944.3486815367282,0.017349789915966383,0.9978336262427057
bmc2,6s7Un-partitioned,17,4319,0,0.09000000000000002,1.9900249583853646,1.9950416044881922,0.022349789915966384,4826.732475818038,0.022349789915966384,0.997519770872818
bmc2,6s7Un-partitioned,18,6167,0,0.2,1.9790577839825236,1.9934432224376253,0.03287610570544007,7927.147202347165,0.03287610570544007,0.9967177877036596
bmc2,6s7Un-partitioned,19,8596,0,0.27,1.9731814326354653,1.9916012415465196,0.04637610570544007,12748.612351420934,0.04637610570544007,0.995792865282338
bmc2,6s7Un-partitioned,20,12096,0,0.41999999999999993,1.9603973466135105,1.989000916968769,0.06637610570544006,20738.925290975072,0.06637610570544006,0.9944839275638645
bmc2,6s7Un-partitioned,21,15555,0,0.47,1.9577258993597655,1.986595146383461,0.08773974206907642,32946.0085010205,0.08773974206907642,0.9932735138421894
bmc2,6s7Un-partitioned,22,21231,0,0.8000000000000003,1.9316307065938172,1.9826691149699152,0.12252235076472862,53787.73102855449,0.12252235076472862,0.9912865872665285
bmc2,6s7Un-partitioned,23,28251,0,1.0599999999999996,1.91358895687418,1.978063771096866,0.16668901743139528,82097.75264183331,0.16668901743139528,0.9889489157085216
bmc2,6s7Un-partitioned,24,38559,0,1.75,1.8647876398118965,1.9709840128915554,0.23668901743139528,128740.08896190877,0.23668901743139528,0.9853158162258427
bmc2,6s7Un-partitioned,25,49850,0,1.8399999999999999,1.863353739352154,1.9646528203304143,0.30745824820062606,180856.12602979777,0.30745824820062606,0.9820767868799551
bmc2,6s7Un-partitioned,26,60560,0,2.0200000000000005,1.8558306131733302,1.9586071421550209,0.3822730630154409,293146.83999499347,0.3822730630154409,0.9789865330292061
bmc2,6s7Un-partitioned,27,76233,0,2.92,1.8019356825205748,1.950361275858471,0.48655877730115515,450578.11207814544,0.48655877730115515,0.974716756152184
bmc2,6s7Un-partitioned,28,92729,0,3.16,1.793522679539819,1.9425193460425383,0.5955242945425345,625840.6237827106,0.5955242945425345,0.9706627292687373
bmc2,6s7Un-partitioned,29,111495,0,3.709999999999999,1.767348699823646,1.9341778866987813,0.7191909612092011,936785.6181255798,0.7191909612092011,0.9663326086798342
bmc2,6s7Un-partitioned,30,135028,0,5.010000000000002,1.7015409426241856,1.923603480149936,0.8808038644350076,1391289.7190597232,0.8808038644350076,0.9607543332273515
bmc2,6s7Un-partitioned,31,161186,0,5.859999999999999,1.665328132446708,1.9123741172063176,1.0639288644350076,1671282.5453623056,1.0639288644350076,0.9547958063394153
bmc2,6s7Un-partitioned,32,193749,0,7.07,1.6143053758477777,1.8999545863163785,1.278171288677432,2343831.068693325,1.278171288677432,0.9481361802147551
bmc2,6s7Un-partitioned,33,231126,0,8.869999999999997,1.5407430924612253,1.8855861265621723,1.5390536416186082,2791860.9180388707,1.5390536416186082,0.9402945086963447
bmc2,6s7Un-partitioned,34,275263,0,10.82,1.4681517891008011,1.869530959736735,1.8481964987614654,3259930.3247188427,1.8481964987614654,0.9313832048786317
bmc2,6s7Un-partitioned,35,330300,0,14.070000000000007,1.3529857909199727,1.850399657187966,2.2390298320947988,3234774.631893314,2.2390298320947988,0.9204183069404553
bmc2,6s7Un-partitioned,36,397126,0,17.679999999999993,1.240245498549427,1.8286084372365896,2.716867669932636,2851131.358526429,2.716867669932636,0.9075278830312064
bmc2,6s7Un-partitioned,37,472837,1,22.340000000000003,1.110991037666195,1.8038630096651969,3.3047624067747416,102259201.37277652,3.3047624067747416,0.8922960343639273
bmc2,6s7Un-partitioned,38,573935,1,28.570000000000007,0.9613498176892515,1.775779236599332,4.037326509338844,166867597.20965734,4.037326509338844,0.874085090677228
bmc2,6s7Un-partitioned,39,673228,1,29.53,0.9558991917604758,1.7493314932174333,4.775576509338844,272452425.75211036,4.775576509338844,0.8572284254313818
bmc2,6s7Un-partitioned,40,777620,1,34.89999999999998,0.853788023851117,1.721345759799736,5.626796021533965,444331432.78539246,5.626796021533965,0.838754374112206
bmc2,6s7Un-partitioned,41,897141,1,39.58000000000001,0.7793977508547776,1.6928018807407978,6.569176973914918,724119517.066233,6.569176973914918,0.8194958303058889
bmc2,6s7Un-partitioned,42,1021011,1,43.839999999999975,0.7215253955205425,1.6642349252931432,7.588711857635848,1179552889.25715,7.588711857635848,0.7999569161495259
bmc2,6s7Un-partitioned,43,1198518,1,64.54000000000002,0.46131646278071897,1.629865826364217,9.05553003945403,1910508521.4210582,9.05553003945403,0.7720318836860783
bmc2,6s7Un-partitioned,44,1384328,1,74.69999999999999,0.38027796020304117,1.5951550523041842,10.71553003945403,3089185169.518813,10.71553003945403,0.7425585084080196
bmc2,6s7Un-partitioned,45,1588787,1,80.5,0.3475478869008903,1.5614359397257167,12.46553003945403,4994219054.402468,12.46553003945403,0.7139757953533269
bmc2,6s7Un-partitioned,46,1815919,1,91.32,0.28655306470877884,1.5278863903831656,14.408508762858286,8061894039.750808,14.408508762858286,0.6844283715215354
bmc2,6s7Un-partitioned,47,2112398,1,125.95000000000005,0.14503050885845725,1.4924285472671475,17.03246709619162,12914738780.417627,17.03246709619162,0.6461459153547257
bmc2,6s7Un-partitioned,48,2401071,1,135.98000000000002,0.12468622964553007,1.4582349893266071,19.807569137007945,20679431291.291767,19.807569137007945,0.6094555700663601
bmc2,6s7Un-partitioned,49,2766063,1,174.31000000000006,0.06123399196194199,1.4241617942689324,23.293769137007946,32873399592.770878,23.293769137007946,0.566577892224548
bmc2,6s7Un-partitioned,50,3312868,1,261.49,0.01186564864991415,1.3905356955637178,28.42102403896873,51335814078.38509,28.42102403896873,0.5082961399755134
bmc2,6s7Un-partitioned,51,3749044,1,233.68999999999983,0.022350842095563137,1.3587174431574816,32.91506250050719,80963697740.14719,32.91506250050719,0.46511687086564835
bmc2,6s7Equal partition (larger),5,0,0,0.01,1.9966694429018774,1.9966694429018774,0.0016666666666666668,12.172346111260747,0.0016666666666666668,0.9983347214509387
bmc2,6s7Equal partition (larger),7,0,0,0.01,1.9975015618491618,1.9970855023755196,0.002916666666666667,33.091314076311534,0.002916666666666667,0.9985427295179956
bmc2,6s7Equal partition (larger),9,0,0,0,2.0,1.9980570015836798,0.002916666666666667,89.97338360678778,0.002916666666666667,0.9990282502326797
bmc2,6s7Equal partition (larger),11,0,0,0.009999999999999998,1.9983340275849166,1.998126258083989,0.00375,244.5772597994303,0.00375,0.9990629393158281
bmc2,6s7Equal partition (larger),13,0,0,0,2.0,1.998501006467191,0.00375,664.8922516938959,0.00375,0.9992502811797007
bmc2,6s7Equal partition (larger),14,0,0,0.010000000000000002,1.9986671110123622,1.998528690558053,0.004416666666666667,1096.2296107706268,0.004416666666666667,0.999264159752207
bmc2,6s7Equal partition (larger),15,0,0,0,2.0,1.9987388776211883,0.004416666666666667,1807.4721100863865,0.004416666666666667,0.9993692466276439
bmc2,6s7Equal partition (larger),16,0,0,0,2.0,1.9988965179185398,0.004416666666666667,2980.135231993283,0.004416666666666667,0.9994480690366285
bmc2,6s7Equal partition (larger),17,0,0,0.010000000000000002,1.9988891974737162,1.9988957045357816,0.0049722222222222225,4913.411398746975,0.0049722222222222225,0.9994476834471702
bmc2,6s7Equal partition (larger),18,0,0,0,2.0,1.9990061340822034,0.0049722222222222225,8101.06966127159,0.0049722222222222225,0.9995029013722614
bmc2,6s7Equal partition (larger),19,0,0,0,2.0,1.9990964855292759,0.0049722222222222225,13356.70773763714,0.0049722222222222225,0.9995480819437201
bmc2,6s7Equal partition (larger),20,0,0,0.009999999999999995,1.9990478457689997,1.9990924322159194,0.005448412698412699,22021.46597585323,0.005448412698412699,0.9995460686664821
bmc2,6s7Equal partition (larger),21,0,0,0,2.0,1.9991622451223872,0.005448412698412699,36307.893400555695,0.005448412698412699,0.9995809791446614
bmc2,6s7Equal partition (larger),22,0,0,0,2.0,1.9992220847565023,0.005448412698412699,59862.49216886813,0.005448412698412699,0.9996109033821298
bmc2,6s7Equal partition (larger),23,0,0,0.010000000000000009,1.9991668402536675,1.9992184017896468,0.005865079365079366,98696.47370277399,0.005865079365079366,0.9996090711416014
bmc2,6s7Equal partition (larger),24,0,0,0,2.0,1.9992672516777938,0.005865079365079366,162724.96384726916,0.005865079365079366,0.9996334997173254
bmc2,6s7Equal partition (larger),25,0,0,0,2.0,1.9993103545202766,0.005865079365079366,268291.00170481275,0.005865079365079366,0.999655054838733
bmc2,6s7Equal partition (larger),26,0,0,0.009999999999999995,1.999259396416537,1.999307523514513,0.0062354497354497355,442336.7695763207,0.0062354497354497355,0.9996536461201666
bmc2,6s7Equal partition (larger),27,0,0,0,2.0,1.9993439696453281,0.0062354497354497355,729296.689164313,0.0062354497354497355,0.9996718722806556
bmc2,6s7Equal partition (larger),28,0,0,0,2.0,1.9993767711630617,0.0062354497354497355,1202416.8293118349,0.0062354497354497355,0.9996882761092188
bmc2,6s7Equal partition (larger),29,0,0,0.009999999999999995,1.9993334444320998,1.9993747079853967,0.0065687830687830686,1982449.1850367594,0.0065687830687830686,0.9996872497228158
bmc2,6s7Equal partition (larger),30,0,0,0,2.0,1.9994031303496969,0.0065687830687830686,3268529.375582219,0.0065687830687830686,0.9997014635223042
bmc2,6s7Equal partition (larger),31,0,0,0.010000000000000009,1.9993750976460782,1.9994019115364963,0.006881283068783069,5388892.27482755,0.006881283068783069,0.9997008585313523
bmc2,6s7Equal partition (larger),32,0,0,0,2.0,1.9994268318891422,0.006881283068783069,8884836.698445318,0.006881283068783069,0.9997133209724217
bmc2,6s7Equal partition (larger),33,0,0,0,2.0,1.9994497586135764,0.006881283068783069,14648703.252744427,0.006881283068783069,0.9997247865554186
bmc2,6s7Equal partition (larger),34,0,0,0.009999999999999995,1.9994286530534504,1.999448946861264,0.007166997354497355,24151623.78140528,0.007166997354497355,0.999724384244599
bmc2,6s7Equal partition (larger),35,0,0,0,2.0,1.9994693562367727,0.007166997354497355,39819499.11638731,0.007166997354497355,0.9997345908807707
bmc2,6s7Equal partition (larger),36,0,0,0,2.0,1.999488307799745,0.007166997354497355,65651566.37459527,0.007166997354497355,0.9997440685648067
bmc2,6s7Equal partition (larger),37,0,1,0.009999999999999995,1.9994737534565294,1.999487805925841,0.007430155249234197,108241120.51149772,0.007430155249234197,0.9997438205695819
bmc2,6s7Equal partition (larger),38,0,1,0,2.0,1.9995048790616463,0.007430155249234197,178460199.81158373,0.007430155249234197,0.9997523588264975
bmc2,6s7Equal partition (larger),39,0,1,0,2.0,1.999520850704819,0.007430155249234197,294232302.77228177,0.007430155249234197,0.9997603462941437
bmc2,6s7Equal partition (larger),40,0,1,0.010000000000000009,1.9995122546055148,1.9995205820767157,0.007674057688258587,485107024.12090665,0.007674057688258587,0.9997602144503933
bmc2,6s7Equal partition (larger),41,0,1,0,2.0,1.9995351098925729,0.007674057688258587,799809175.3755635,0.007674057688258587,0.9997674798343305
bmc2,6s7Equal partition (larger),42,0,1,0,2.0,1.9995487831310266,0.007674057688258587,1318666909.5277684,0.007674057688258587,0.9997743178909729
bmc2,6s7Equal partition (larger),43,0,1,0.010000000000000009,1.9995455061944343,1.999548689504267,0.007901330415531314,2174114134.0952506,0.007901330415531314,0.9997742731825459
bmc2,6s7Equal partition (larger),44,0,1,0,2.0,1.999561225906926,0.007901330415531314,3584519456.8714514,0.007901330415531314,0.9997805426838491
bmc2,6s7Equal partition (larger),45,0,1,0.009999999999999981,1.9995652646468591,1.9995613350620594,0.00811872171987914,5909873640.704087,0.00811872171987914,0.9997805991605371
bmc2,6s7Equal partition (larger),46,0,1,0,2.0,1.9995728788762157,0.00811872171987914,9743762510.435942,0.00811872171987914,0.9997863722500823
bmc2,6s7Equal partition (larger),47,850894,1,264.41,0.008104024522165987,1.9485095749184198,5.516660388386546,14969394466.56049,5.516660388386546,0.8680961223039907
bmc2,6s7Increasing partition (fixed),5,0,0,0.01,1.9966694429018774,1.9966694429018774,0.0016666666666666668,12.172346111260747,0.0016666666666666668,0.9983347214509387
bmc2,6s7Increasing partition (fixed),7,0,0,0.01,1.9975015618491618,1.9970855023755196,0.002916666666666667,33.091314076311534,0.002916666666666667,0.9985427295179956
bmc2,6s7Increasing partition (fixed),9,0,0,0,2.0,1.9980570015836798,0.002916666666666667,89.97338360678778,0.002916666666666667,0.9990282502326797
bmc2,6s7Increasing partition (fixed),11,0,0,0.009999999999999998,1.9983340275849166,1.998126258083989,0.00375,244.5772597994303,0.00375,0.9990629393158281
bmc2,6s7Increasing partition (fixed),13,0,0,0,2.0,1.998501006467191,0.00375,664.8922516938959,0.00375,0.9992502811797007
bmc2,6s7Increasing partition (fixed),14,0,0,0,2.0,1.9987508387226594,0.00375,1096.2905141074136,0.00375,0.9993751952718163
bmc2,6s7Increasing partition (fixed),15,0,0,0.010000000000000002,1.9987503905436326,1.998750774697084,0.004375,1807.4774894756717,0.004375,0.9993751952718163
bmc2,6s7Increasing partition (fixed),16,0,0,0,2.0,1.9989069278599485,0.004375,2980.142992772223,0.004375,0.9994532745088773
bmc2,6s7Increasing partition (fixed),17,0,0,0,2.0,1.9990283803199544,0.004375,4913.574423588915,0.004375,0.9995140070217524
bmc2,6s7Increasing partition (fixed),18,0,0,0.010000000000000002,1.9989476453807713,1.999020306826036,0.004901315789473685,8101.098382220063,0.004901315789473685,0.9995099885159134
bmc2,6s7Increasing partition (fixed),19,0,0,0,2.0,1.999109369841851,0.004901315789473685,13356.750786638277,0.004901315789473685,0.9995545250907457
bmc2,6s7Increasing partition (fixed),20,0,0,0.009999999999999995,1.9990478457689997,1.99910424283578,0.0053775062656641615,22021.53103693253,0.0053775062656641615,0.9995519748711063
bmc2,6s7Increasing partition (fixed),21,0,0,0,2.0,1.9991731472330276,0.0053775062656641615,36307.99241850619,0.0053775062656641615,0.9995864312150281
bmc2,6s7Increasing partition (fixed),22,0,0,0,2.0,1.9992322081449543,0.0053775062656641615,59862.64376319489,0.0053775062656641615,0.9996159661694717
bmc2,6s7Increasing partition (fixed),23,0,0,0.010000000000000009,1.9991668402536675,1.9992278502855352,0.005794172932330828,98696.70697687876,0.005794172932330828,0.9996137964003282
bmc2,6s7Increasing partition (fixed),24,0,0,0,2.0,1.9992761096426892,0.005794172932330828,162725.3244178783,0.005794172932330828,0.9996379297549867
bmc2,6s7Increasing partition (fixed),25,0,0,0,2.0,1.9993186914284133,0.005794172932330828,268291.5612218043,0.005794172932330828,0.999659224375306
bmc2,6s7Increasing partition (fixed),26,0,0,0.009999999999999995,1.999259396416537,1.9993153972610866,0.006164543302701198,442337.6408139119,0.006164543302701198,0.9996575840098134
bmc2,6s7Increasing partition (fixed),27,0,0,0,2.0,1.9993514289841874,0.006164543302701198,729298.0500031258,0.006164543302701198,0.9996756029805844
bmc2,6s7Increasing partition (fixed),28,0,0,0,2.0,1.999383857534978,0.006164543302701198,1202418.9607909245,0.006164543302701198,0.9996918203319776
bmc2,6s7Increasing partition (fixed),29,0,0,0.009999999999999995,1.9993334444320998,1.9993814569110313,0.006497876636034531,1982452.531906245,0.006497876636034531,0.9996906251693116
bmc2,6s7Increasing partition (fixed),30,0,0,0,2.0,1.9994095725059844,0.006497876636034531,3268534.6428537006,0.006497876636034531,0.9997046855849779
bmc2,6s7Increasing partition (fixed),31,0,0,0,2.0,1.9994352432665938,0.006497876636034531,5388937.191013939,0.006497876636034531,0.9997175235285135
bmc2,6s7Increasing partition (fixed),32,0,0,0.010000000000000009,1.999394031212029,1.9994335260976535,0.006800906939064834,8884851.576140847,0.006800906939064834,0.9997166690233433
bmc2,6s7Increasing partition (fixed),33,0,0,0,2.0,1.9994561850537473,0.006800906939064834,14648726.80088482,0.006800906939064834,0.9997280007209505
bmc2,6s7Increasing partition (fixed),34,0,0,0,2.0,1.9994771010132186,0.006800906939064834,24151793.814272676,0.006800906939064834,0.9997384608635143
bmc2,6s7Increasing partition (fixed),35,0,0,0.009999999999999995,1.9994445215977943,1.999475894368203,0.007078684716842612,39819564.23801448,0.007078684716842612,0.9997378608564398
bmc2,6s7Increasing partition (fixed),36,0,0,0,2.0,1.9994946124264814,0.007078684716842612,65651669.90794455,0.007078684716842612,0.9997472217853391
bmc2,6s7Increasing partition (fixed),37,0,1,0.009999999999999995,1.9994737534565294,1.9994938931516555,0.007341842611579454,108241285.32298286,0.007341842611579454,0.9997468650574511
bmc2,6s7Increasing partition (fixed),38,0,1,0,2.0,1.9995107633799336,0.007341842611579454,178460462.483293,0.007341842611579454,0.9997553018564229
bmc2,6s7Increasing partition (fixed),39,0,1,0,2.0,1.9995265452063873,0.007341842611579454,294232721.87630105,0.007341842611579454,0.9997631944102393
bmc2,6s7Increasing partition (fixed),40,0,1,0.010000000000000009,1.9995122546055148,1.99952609862511,0.0075857450506038445,485107693.51325685,0.0075857450506038445,0.9997629735623743
bmc2,6s7Increasing partition (fixed),41,0,1,0,2.0,1.999540459272834,0.0075857450506038445,799810245.5771556,0.0075857450506038445,0.9997701553561887
bmc2,6s7Increasing partition (fixed),42,0,1,0,2.0,1.9995539751765743,0.0075857450506038445,1318668622.1017206,0.0075857450506038445,0.9997769147386711
bmc2,6s7Increasing partition (fixed),43,0,1,0.010000000000000009,1.9995455061944343,1.999553733205656,0.007813017777876572,2174116876.97918,0.007813017777876572,0.9997767958343892
bmc2,6s7Increasing partition (fixed),44,0,1,0,2.0,1.999566129505499,0.007813017777876572,3584523853.518144,0.007813017777876572,0.9997829952773241
bmc2,6s7Increasing partition (fixed),45,0,1,0.009999999999999981,1.9995652646468591,1.9995661061309413,0.008030409082224398,5909880693.634366,0.008030409082224398,0.9997829854677576
bmc2,6s7Increasing partition (fixed),46,0,1,0,2.0,1.9995775243906533,0.008030409082224398,9743773832.776289,0.008030409082224398,0.9997886957730882
bmc2,6s7Increasing partition (fixed),47,850894,1,265.02000000000004,0.008001687520855852,1.9485114772914278,5.529280409082226,14966972687.251442,5.529280409082226,0.86781526028626
bmc2,6s7Increasing partition (fixed),48,1384639,1,206.19,0.029753395974151133,1.900542525258496,9.737239592755696,7.689411113641565e-13,9.737239592755696,0.7839335735634992
bmc2,6s7Increasing partition (fixed),49,1882142,1,218.54999999999995,0.025277191301899177,1.8548043463815058,14.108239592755695,36770006081.38086,14.108239592755695,0.7088556252554136
